method	metric	assigned	positive	meaningful_ge_0.01	score_sum	mean_positive	best_score	best_tf	best_feature
STREME-FIMO n150 filtered	jaccard	139	133	21	1.3894910434148064	0.010447301078306815	0.2857142857142857	ume6	13-TAGCCGCCGARG
STREME-FIMO n150 filtered	precision_lb	139	122	16	1.8845179879506644	0.01544686875369397	0.6161411369412158	ume6	13-TAGCCGCCGARG
STREME-FIMO n150 filtered	recall_lb	139	120	11	1.0637969946578663	0.008864974955482219	0.3861535957192072	ume6	13-TAGCCGCCGARG
Supervised ResDilatedCNN logit NMS50	jaccard	161	161	161	26.666827565191998	0.16563246934901865	0.391304347826087	spt10	spt10
Supervised ResDilatedCNN logit NMS50	precision_lb	161	161	161	32.59186224205167	0.20243392696926502	0.4899236202099603	sua7	ssl2
Supervised ResDilatedCNN logit NMS50	recall_lb	161	161	161	32.216717573472785	0.20010383586007946	0.4021652063859007	ccl1	ccl1
Supervised small CNN nms50	jaccard	161	159	156	8.138429642694067	0.051185092092415514	0.15789473684210525	pdr3	pdr3
Supervised small CNN nms50	precision_lb	161	159	145	8.136495945312141	0.05117293047366127	0.17770929787819945	rpc19	bdp1
Supervised small CNN nms50	recall_lb	161	159	145	8.304924787632185	0.052232231368755884	0.18841569534764036	brf1	rpc19
